﻿<?xml version="1.0" encoding="utf-8"?>
<Store xmlns:i="http://www.w3.org/2001/XMLSchema-instance" xmlns="AtmelPackComponentManagement">
	<ProjectComponents>
		<ProjectComponent z:Id="i1" xmlns:z="http://schemas.microsoft.com/2003/10/Serialization/">
			<CApiVersion></CApiVersion>
			<CBundle></CBundle>
			<CClass>CMSIS</CClass>
			<CGroup>CORE</CGroup>
			<CSub></CSub>
			<CVariant></CVariant>
			<CVendor>ARM</CVendor>
			<CVersion>3.40.0</CVersion>
			<DefaultRepoPath>C:/Program Files (x86)\Atmel\Studio\7.0\Packs</DefaultRepoPath>
			<DependentComponents xmlns:d4p1="http://schemas.microsoft.com/2003/10/Serialization/Arrays">
				<d4p1:anyType z:Id="i2" i:type="ProjectComponent">
					<CApiVersion></CApiVersion>
					<CBundle></CBundle>
					<CClass>Device</CClass>
					<CGroup>Startup</CGroup>
					<CSub></CSub>
					<CVariant></CVariant>
					<CVendor>Atmel</CVendor>
					<CVersion>2.1.0</CVersion>
					<DefaultRepoPath>C:/Program Files (x86)\Atmel\Studio\7.0\Packs</DefaultRepoPath>
					<DependentComponents />
					<Description></Description>
					<Files>
						<d4p1:anyType i:type="FileInfo">
							<AbsolutePath>C:/Program Files (x86)\Atmel\Studio\7.0\Packs\atmel\SAMB11_DFP\2.1.157\include</AbsolutePath>
							<Attribute></Attribute>
							<Category>include</Category>
							<Condition>C</Condition>
							<FileContentHash i:nil="true" />
							<FileVersion></FileVersion>
							<Name>include</Name>
							<SelectString></SelectString>
							<SourcePath></SourcePath>
						</d4p1:anyType>
						<d4p1:anyType i:type="FileInfo">
							<AbsolutePath>C:/Program Files (x86)\Atmel\Studio\7.0\Packs\atmel\SAMB11_DFP\2.1.157\include\sam.h</AbsolutePath>
							<Attribute></Attribute>
							<Category>header</Category>
							<Condition>C</Condition>
							<FileContentHash>5zOt3nTBKINMwaC6v4gRow==</FileContentHash>
							<FileVersion></FileVersion>
							<Name>include/sam.h</Name>
							<SelectString></SelectString>
							<SourcePath></SourcePath>
						</d4p1:anyType>
						<d4p1:anyType i:type="FileInfo">
							<AbsolutePath>C:/Program Files (x86)\Atmel\Studio\7.0\Packs\atmel\SAMB11_DFP\2.1.157\templates\main.c</AbsolutePath>
							<Attribute>template</Attribute>
							<Category>source</Category>
							<Condition>C Exe</Condition>
							<FileContentHash>lvdQDa1ySbn/GtTjb+8fMA==</FileContentHash>
							<FileVersion></FileVersion>
							<Name>templates/main.c</Name>
							<SelectString>Main file (.c)</SelectString>
							<SourcePath></SourcePath>
						</d4p1:anyType>
						<d4p1:anyType i:type="FileInfo">
							<AbsolutePath>C:/Program Files (x86)\Atmel\Studio\7.0\Packs\atmel\SAMB11_DFP\2.1.157\templates\main.cpp</AbsolutePath>
							<Attribute>template</Attribute>
							<Category>source</Category>
							<Condition>C Exe</Condition>
							<FileContentHash>a17gK1fPRhuOk+fnmtkFig==</FileContentHash>
							<FileVersion></FileVersion>
							<Name>templates/main.cpp</Name>
							<SelectString>Main file (.cpp)</SelectString>
							<SourcePath></SourcePath>
						</d4p1:anyType>
						<d4p1:anyType i:type="FileInfo">
							<AbsolutePath>C:/Program Files (x86)\Atmel\Studio\7.0\Packs\atmel\SAMB11_DFP\2.1.157\gcc\system_samb11.c</AbsolutePath>
							<Attribute>config</Attribute>
							<Category>source</Category>
							<Condition>GCC Exe</Condition>
							<FileContentHash>T1HpmWnDLoTFae+T192nsQ==</FileContentHash>
							<FileVersion></FileVersion>
							<Name>gcc/system_samb11.c</Name>
							<SelectString></SelectString>
							<SourcePath></SourcePath>
						</d4p1:anyType>
						<d4p1:anyType i:type="FileInfo">
							<AbsolutePath>C:/Program Files (x86)\Atmel\Studio\7.0\Packs\atmel\SAMB11_DFP\2.1.157\gcc\startup_samb11.c</AbsolutePath>
							<Attribute>config</Attribute>
							<Category>source</Category>
							<Condition>GCC Exe</Condition>
							<FileContentHash>QDFgXq11B8o5DdcEJpcxuw==</FileContentHash>
							<FileVersion></FileVersion>
							<Name>gcc/startup_samb11.c</Name>
							<SelectString></SelectString>
							<SourcePath></SourcePath>
						</d4p1:anyType>
						<d4p1:anyType i:type="FileInfo">
							<AbsolutePath>C:/Program Files (x86)\Atmel\Studio\7.0\Packs\atmel\SAMB11_DFP\2.1.157\gcc\samb11_sram.ld</AbsolutePath>
							<Attribute>config</Attribute>
							<Category>linkerScript</Category>
							<Condition>GCC Exe</Condition>
							<FileContentHash>4M04vvfnYQ9IfrF11KZmvg==</FileContentHash>
							<FileVersion></FileVersion>
							<Name>gcc/samb11_sram.ld</Name>
							<SelectString></SelectString>
							<SourcePath></SourcePath>
						</d4p1:anyType>
					</Files>
					<PackName>SAMB11_DFP</PackName>
					<PackPath>C:/Program Files (x86)/Atmel/Studio/7.0/Packs/atmel/SAMB11_DFP/2.1.157/Atmel.SAMB11_DFP.pdsc</PackPath>
					<PackVersion>2.1.157</PackVersion>
					<PresentInProject>false</PresentInProject>
					<ReferenceConditionId>ATSAMB11G18A</ReferenceConditionId>
					<RteComponents>
						<d4p1:string></d4p1:string>
					</RteComponents>
					<Status>Resolved</Status>
					<VersionMode>Fixed</VersionMode>
					<IsComponentInAtProject>true</IsComponentInAtProject>
				</d4p1:anyType>
			</DependentComponents>
			<Description></Description>
			<Files xmlns:d4p1="http://schemas.microsoft.com/2003/10/Serialization/Arrays">
				<d4p1:anyType i:type="FileInfo">
					<AbsolutePath>C:/Program Files (x86)\Atmel\Studio\7.0\Packs\arm\cmsis\4.2.0\CMSIS\Documentation\Core\html\index.html</AbsolutePath>
					<Attribute></Attribute>
					<Category>doc</Category>
					<Condition></Condition>
					<FileContentHash>Fm1Ae7doPh4708FZQAIEpw==</FileContentHash>
					<FileVersion></FileVersion>
					<Name>CMSIS\Documentation\Core\html\index.html</Name>
					<SelectString></SelectString>
					<SourcePath></SourcePath>
				</d4p1:anyType>
				<d4p1:anyType i:type="FileInfo">
					<AbsolutePath>C:/Program Files (x86)\Atmel\Studio\7.0\Packs\arm\cmsis\4.2.0\CMSIS\Include\</AbsolutePath>
					<Attribute></Attribute>
					<Category>include</Category>
					<Condition></Condition>
					<FileContentHash i:nil="true" />
					<FileVersion></FileVersion>
					<Name>CMSIS\Include\</Name>
					<SelectString></SelectString>
					<SourcePath></SourcePath>
				</d4p1:anyType>
			</Files>
			<PackName>CMSIS</PackName>
			<PackPath>C:/Program Files (x86)/Atmel/Studio/7.0/Packs/arm/cmsis/4.2.0/ARM.CMSIS.pdsc</PackPath>
			<PackVersion>4.2.0</PackVersion>
			<PresentInProject>false</PresentInProject>
			<ReferenceConditionId>CMSIS Core</ReferenceConditionId>
			<RteComponents xmlns:d4p1="http://schemas.microsoft.com/2003/10/Serialization/Arrays">
				<d4p1:string></d4p1:string>
			</RteComponents>
			<Status>Resolved</Status>
			<VersionMode>Fixed</VersionMode>
			<IsComponentInAtProject>true</IsComponentInAtProject>
		</ProjectComponent>
		<ProjectComponent z:Ref="i2" xmlns:z="http://schemas.microsoft.com/2003/10/Serialization/" />
		<ProjectComponent z:Id="i3" xmlns:z="http://schemas.microsoft.com/2003/10/Serialization/">
			<CApiVersion></CApiVersion>
			<CBundle></CBundle>
			<CClass>Project</CClass>
			<CGroup>BleApp</CGroup>
			<CSub></CSub>
			<CVariant></CVariant>
			<CVendor>Atmel</CVendor>
			<CVersion>2.1.0</CVersion>
			<DefaultRepoPath>C:/Program Files (x86)\Atmel\Studio\7.0\Packs</DefaultRepoPath>
			<DependentComponents xmlns:d4p1="http://schemas.microsoft.com/2003/10/Serialization/Arrays">
				<d4p1:anyType z:Ref="i1" />
			</DependentComponents>
			<Description></Description>
			<Files xmlns:d4p1="http://schemas.microsoft.com/2003/10/Serialization/Arrays">
				<d4p1:anyType i:type="FileInfo">
					<AbsolutePath>C:/Program Files (x86)\Atmel\Studio\7.0\Packs\atmel\SAMB11_DFP\2.1.157\studio\ProjectSettings.xml</AbsolutePath>
					<Attribute>config</Attribute>
					<Category>other</Category>
					<Condition></Condition>
					<FileContentHash>KGEIrxCBdhX8WG5sEJdpzQ==</FileContentHash>
					<FileVersion></FileVersion>
					<Name>studio/ProjectSettings.xml</Name>
					<SelectString>ProjectProperties</SelectString>
					<SourcePath></SourcePath>
				</d4p1:anyType>
				<d4p1:anyType i:type="FileInfo">
					<AbsolutePath>C:/Program Files (x86)\Atmel\Studio\7.0\Packs\atmel\SAMB11_DFP\2.1.157\studio\debughooks.py</AbsolutePath>
					<Attribute>config</Attribute>
					<Category>other</Category>
					<Condition></Condition>
					<FileContentHash>XP/mDUZfcfqy/FzRM4x2QQ==</FileContentHash>
					<FileVersion></FileVersion>
					<Name>studio/debughooks.py</Name>
					<SelectString>DebugHooks</SelectString>
					<SourcePath></SourcePath>
				</d4p1:anyType>
			</Files>
			<PackName>SAMB11_DFP</PackName>
			<PackPath>C:/Program Files (x86)/Atmel/Studio/7.0/Packs/atmel/SAMB11_DFP/2.1.157/Atmel.SAMB11_DFP.pdsc</PackPath>
			<PackVersion>2.1.157</PackVersion>
			<PresentInProject>true</PresentInProject>
			<ReferenceConditionId>ATSAMB11G18A</ReferenceConditionId>
			<RteComponents xmlns:d4p1="http://schemas.microsoft.com/2003/10/Serialization/Arrays">
				<d4p1:string></d4p1:string>
			</RteComponents>
			<Status>Resolved</Status>
			<VersionMode>Fixed</VersionMode>
			<IsComponentInAtProject>true</IsComponentInAtProject>
		</ProjectComponent>
	</ProjectComponents>
</Store>